Confirmation of receipt;{Confirmation of receipt_dummy};{Confirmation of receipt_dummy};{Confirmation of receipt, T07-1 Draft intern advice aspect 1};{T06 Determine necessity of stop advice, T04 Determine confirmation of receipt, T10 Determine necessity to stop indication, T02 Check confirmation of receipt, Confirmation of receipt, T07-1 Draft intern advice aspect 1, T05 Print and send confirmation of receipt};{T06 Determine necessity of stop advice, T04 Determine confirmation of receipt, Confirmation of receipt, T02 Check confirmation of receipt, T07-1 Draft intern advice aspect 1, T05 Print and send confirmation of receipt, T20 Print report Y to stop indication, T03 Adjust confirmation of receipt, T10 Determine necessity to stop indication};{T11 Create document X request unlicensed, T06 Determine necessity of stop advice, T04 Determine confirmation of receipt, Confirmation of receipt, T02 Check confirmation of receipt, T07-1 Draft intern advice aspect 1, T16 Report reasons to hold request, T05 Print and send confirmation of receipt, T20 Print report Y to stop indication, T03 Adjust confirmation of receipt, T10 Determine necessity to stop indication};{T11 Create document X request unlicensed, T06 Determine necessity of stop advice, T04 Determine confirmation of receipt, Confirmation of receipt, T02 Check confirmation of receipt, T07-1 Draft intern advice aspect 1, T16 Report reasons to hold request, T19 Determine report Y to stop indication, T05 Print and send confirmation of receipt, T20 Print report Y to stop indication, T03 Adjust confirmation of receipt, T10 Determine necessity to stop indication};{T11 Create document X request unlicensed, T06 Determine necessity of stop advice, T04 Determine confirmation of receipt, Confirmation of receipt, T02 Check confirmation of receipt, T07-1 Draft intern advice aspect 1, T16 Report reasons to hold request, T19 Determine report Y to stop indication, T05 Print and send confirmation of receipt, T20 Print report Y to stop indication, T03 Adjust confirmation of receipt, T17 Check report Y to stop indication, T10 Determine necessity to stop indication};{T11 Create document X request unlicensed, T06 Determine necessity of stop advice, T04 Determine confirmation of receipt, Confirmation of receipt, T02 Check confirmation of receipt, T07-1 Draft intern advice aspect 1, T12 Check document X request unlicensed, T16 Report reasons to hold request, T19 Determine report Y to stop indication, T05 Print and send confirmation of receipt, T20 Print report Y to stop indication, T03 Adjust confirmation of receipt, T17 Check report Y to stop indication, T10 Determine necessity to stop indication, T15 Print document X request unlicensed};*
T02 Check confirmation of receipt;{T02 Check confirmation of receipt_dummy};{T02 Check confirmation of receipt, T05 Print and send confirmation of receipt};{T06 Determine necessity of stop advice, T04 Determine confirmation of receipt, T10 Determine necessity to stop indication, T02 Check confirmation of receipt, T05 Print and send confirmation of receipt};{T06 Determine necessity of stop advice, T04 Determine confirmation of receipt, T10 Determine necessity to stop indication, T02 Check confirmation of receipt, Confirmation of receipt, T07-1 Draft intern advice aspect 1, T05 Print and send confirmation of receipt};{T06 Determine necessity of stop advice, T04 Determine confirmation of receipt, Confirmation of receipt, T02 Check confirmation of receipt, T07-1 Draft intern advice aspect 1, T05 Print and send confirmation of receipt, T20 Print report Y to stop indication, T03 Adjust confirmation of receipt, T10 Determine necessity to stop indication};{T11 Create document X request unlicensed, T06 Determine necessity of stop advice, T04 Determine confirmation of receipt, Confirmation of receipt, T02 Check confirmation of receipt, T07-1 Draft intern advice aspect 1, T16 Report reasons to hold request, T05 Print and send confirmation of receipt, T20 Print report Y to stop indication, T03 Adjust confirmation of receipt, T10 Determine necessity to stop indication};{T11 Create document X request unlicensed, T06 Determine necessity of stop advice, T04 Determine confirmation of receipt, Confirmation of receipt, T02 Check confirmation of receipt, T07-1 Draft intern advice aspect 1, T16 Report reasons to hold request, T19 Determine report Y to stop indication, T05 Print and send confirmation of receipt, T20 Print report Y to stop indication, T03 Adjust confirmation of receipt, T10 Determine necessity to stop indication};{T11 Create document X request unlicensed, T06 Determine necessity of stop advice, T04 Determine confirmation of receipt, Confirmation of receipt, T02 Check confirmation of receipt, T07-1 Draft intern advice aspect 1, T16 Report reasons to hold request, T19 Determine report Y to stop indication, T05 Print and send confirmation of receipt, T20 Print report Y to stop indication, T03 Adjust confirmation of receipt, T17 Check report Y to stop indication, T10 Determine necessity to stop indication};{T11 Create document X request unlicensed, T06 Determine necessity of stop advice, T04 Determine confirmation of receipt, Confirmation of receipt, T02 Check confirmation of receipt, T07-1 Draft intern advice aspect 1, T12 Check document X request unlicensed, T16 Report reasons to hold request, T19 Determine report Y to stop indication, T05 Print and send confirmation of receipt, T20 Print report Y to stop indication, T03 Adjust confirmation of receipt, T17 Check report Y to stop indication, T10 Determine necessity to stop indication, T15 Print document X request unlicensed};*
T03 Adjust confirmation of receipt;{T03 Adjust confirmation of receipt_dummy};{T03 Adjust confirmation of receipt_dummy};{T03 Adjust confirmation of receipt_dummy};{T20 Print report Y to stop indication, T03 Adjust confirmation of receipt};{T06 Determine necessity of stop advice, T04 Determine confirmation of receipt, Confirmation of receipt, T02 Check confirmation of receipt, T07-1 Draft intern advice aspect 1, T05 Print and send confirmation of receipt, T20 Print report Y to stop indication, T03 Adjust confirmation of receipt, T10 Determine necessity to stop indication};{T11 Create document X request unlicensed, T06 Determine necessity of stop advice, T04 Determine confirmation of receipt, Confirmation of receipt, T02 Check confirmation of receipt, T07-1 Draft intern advice aspect 1, T16 Report reasons to hold request, T05 Print and send confirmation of receipt, T20 Print report Y to stop indication, T03 Adjust confirmation of receipt, T10 Determine necessity to stop indication};{T11 Create document X request unlicensed, T06 Determine necessity of stop advice, T04 Determine confirmation of receipt, Confirmation of receipt, T02 Check confirmation of receipt, T07-1 Draft intern advice aspect 1, T16 Report reasons to hold request, T19 Determine report Y to stop indication, T05 Print and send confirmation of receipt, T20 Print report Y to stop indication, T03 Adjust confirmation of receipt, T10 Determine necessity to stop indication};{T11 Create document X request unlicensed, T06 Determine necessity of stop advice, T04 Determine confirmation of receipt, Confirmation of receipt, T02 Check confirmation of receipt, T07-1 Draft intern advice aspect 1, T16 Report reasons to hold request, T19 Determine report Y to stop indication, T05 Print and send confirmation of receipt, T20 Print report Y to stop indication, T03 Adjust confirmation of receipt, T17 Check report Y to stop indication, T10 Determine necessity to stop indication};{T11 Create document X request unlicensed, T06 Determine necessity of stop advice, T04 Determine confirmation of receipt, Confirmation of receipt, T02 Check confirmation of receipt, T07-1 Draft intern advice aspect 1, T12 Check document X request unlicensed, T16 Report reasons to hold request, T19 Determine report Y to stop indication, T05 Print and send confirmation of receipt, T20 Print report Y to stop indication, T03 Adjust confirmation of receipt, T17 Check report Y to stop indication, T10 Determine necessity to stop indication, T15 Print document X request unlicensed};*
T04 Determine confirmation of receipt;{T06 Determine necessity of stop advice, T04 Determine confirmation of receipt};{T10 Determine necessity to stop indication, T06 Determine necessity of stop advice, T04 Determine confirmation of receipt};{T06 Determine necessity of stop advice, T04 Determine confirmation of receipt, T10 Determine necessity to stop indication, T02 Check confirmation of receipt, T05 Print and send confirmation of receipt};{T06 Determine necessity of stop advice, T04 Determine confirmation of receipt, T10 Determine necessity to stop indication, T02 Check confirmation of receipt, Confirmation of receipt, T07-1 Draft intern advice aspect 1, T05 Print and send confirmation of receipt};{T06 Determine necessity of stop advice, T04 Determine confirmation of receipt, Confirmation of receipt, T02 Check confirmation of receipt, T07-1 Draft intern advice aspect 1, T05 Print and send confirmation of receipt, T20 Print report Y to stop indication, T03 Adjust confirmation of receipt, T10 Determine necessity to stop indication};{T11 Create document X request unlicensed, T06 Determine necessity of stop advice, T04 Determine confirmation of receipt, Confirmation of receipt, T02 Check confirmation of receipt, T07-1 Draft intern advice aspect 1, T16 Report reasons to hold request, T05 Print and send confirmation of receipt, T20 Print report Y to stop indication, T03 Adjust confirmation of receipt, T10 Determine necessity to stop indication};{T11 Create document X request unlicensed, T06 Determine necessity of stop advice, T04 Determine confirmation of receipt, Confirmation of receipt, T02 Check confirmation of receipt, T07-1 Draft intern advice aspect 1, T16 Report reasons to hold request, T19 Determine report Y to stop indication, T05 Print and send confirmation of receipt, T20 Print report Y to stop indication, T03 Adjust confirmation of receipt, T10 Determine necessity to stop indication};{T11 Create document X request unlicensed, T06 Determine necessity of stop advice, T04 Determine confirmation of receipt, Confirmation of receipt, T02 Check confirmation of receipt, T07-1 Draft intern advice aspect 1, T16 Report reasons to hold request, T19 Determine report Y to stop indication, T05 Print and send confirmation of receipt, T20 Print report Y to stop indication, T03 Adjust confirmation of receipt, T17 Check report Y to stop indication, T10 Determine necessity to stop indication};{T11 Create document X request unlicensed, T06 Determine necessity of stop advice, T04 Determine confirmation of receipt, Confirmation of receipt, T02 Check confirmation of receipt, T07-1 Draft intern advice aspect 1, T12 Check document X request unlicensed, T16 Report reasons to hold request, T19 Determine report Y to stop indication, T05 Print and send confirmation of receipt, T20 Print report Y to stop indication, T03 Adjust confirmation of receipt, T17 Check report Y to stop indication, T10 Determine necessity to stop indication, T15 Print document X request unlicensed};*
T05 Print and send confirmation of receipt;{T05 Print and send confirmation of receipt_dummy};{T02 Check confirmation of receipt, T05 Print and send confirmation of receipt};{T06 Determine necessity of stop advice, T04 Determine confirmation of receipt, T10 Determine necessity to stop indication, T02 Check confirmation of receipt, T05 Print and send confirmation of receipt};{T06 Determine necessity of stop advice, T04 Determine confirmation of receipt, T10 Determine necessity to stop indication, T02 Check confirmation of receipt, Confirmation of receipt, T07-1 Draft intern advice aspect 1, T05 Print and send confirmation of receipt};{T06 Determine necessity of stop advice, T04 Determine confirmation of receipt, Confirmation of receipt, T02 Check confirmation of receipt, T07-1 Draft intern advice aspect 1, T05 Print and send confirmation of receipt, T20 Print report Y to stop indication, T03 Adjust confirmation of receipt, T10 Determine necessity to stop indication};{T11 Create document X request unlicensed, T06 Determine necessity of stop advice, T04 Determine confirmation of receipt, Confirmation of receipt, T02 Check confirmation of receipt, T07-1 Draft intern advice aspect 1, T16 Report reasons to hold request, T05 Print and send confirmation of receipt, T20 Print report Y to stop indication, T03 Adjust confirmation of receipt, T10 Determine necessity to stop indication};{T11 Create document X request unlicensed, T06 Determine necessity of stop advice, T04 Determine confirmation of receipt, Confirmation of receipt, T02 Check confirmation of receipt, T07-1 Draft intern advice aspect 1, T16 Report reasons to hold request, T19 Determine report Y to stop indication, T05 Print and send confirmation of receipt, T20 Print report Y to stop indication, T03 Adjust confirmation of receipt, T10 Determine necessity to stop indication};{T11 Create document X request unlicensed, T06 Determine necessity of stop advice, T04 Determine confirmation of receipt, Confirmation of receipt, T02 Check confirmation of receipt, T07-1 Draft intern advice aspect 1, T16 Report reasons to hold request, T19 Determine report Y to stop indication, T05 Print and send confirmation of receipt, T20 Print report Y to stop indication, T03 Adjust confirmation of receipt, T17 Check report Y to stop indication, T10 Determine necessity to stop indication};{T11 Create document X request unlicensed, T06 Determine necessity of stop advice, T04 Determine confirmation of receipt, Confirmation of receipt, T02 Check confirmation of receipt, T07-1 Draft intern advice aspect 1, T12 Check document X request unlicensed, T16 Report reasons to hold request, T19 Determine report Y to stop indication, T05 Print and send confirmation of receipt, T20 Print report Y to stop indication, T03 Adjust confirmation of receipt, T17 Check report Y to stop indication, T10 Determine necessity to stop indication, T15 Print document X request unlicensed};*
T06 Determine necessity of stop advice;{T06 Determine necessity of stop advice, T04 Determine confirmation of receipt};{T10 Determine necessity to stop indication, T06 Determine necessity of stop advice, T04 Determine confirmation of receipt};{T06 Determine necessity of stop advice, T04 Determine confirmation of receipt, T10 Determine necessity to stop indication, T02 Check confirmation of receipt, T05 Print and send confirmation of receipt};{T06 Determine necessity of stop advice, T04 Determine confirmation of receipt, T10 Determine necessity to stop indication, T02 Check confirmation of receipt, Confirmation of receipt, T07-1 Draft intern advice aspect 1, T05 Print and send confirmation of receipt};{T06 Determine necessity of stop advice, T04 Determine confirmation of receipt, Confirmation of receipt, T02 Check confirmation of receipt, T07-1 Draft intern advice aspect 1, T05 Print and send confirmation of receipt, T20 Print report Y to stop indication, T03 Adjust confirmation of receipt, T10 Determine necessity to stop indication};{T11 Create document X request unlicensed, T06 Determine necessity of stop advice, T04 Determine confirmation of receipt, Confirmation of receipt, T02 Check confirmation of receipt, T07-1 Draft intern advice aspect 1, T16 Report reasons to hold request, T05 Print and send confirmation of receipt, T20 Print report Y to stop indication, T03 Adjust confirmation of receipt, T10 Determine necessity to stop indication};{T11 Create document X request unlicensed, T06 Determine necessity of stop advice, T04 Determine confirmation of receipt, Confirmation of receipt, T02 Check confirmation of receipt, T07-1 Draft intern advice aspect 1, T16 Report reasons to hold request, T19 Determine report Y to stop indication, T05 Print and send confirmation of receipt, T20 Print report Y to stop indication, T03 Adjust confirmation of receipt, T10 Determine necessity to stop indication};{T11 Create document X request unlicensed, T06 Determine necessity of stop advice, T04 Determine confirmation of receipt, Confirmation of receipt, T02 Check confirmation of receipt, T07-1 Draft intern advice aspect 1, T16 Report reasons to hold request, T19 Determine report Y to stop indication, T05 Print and send confirmation of receipt, T20 Print report Y to stop indication, T03 Adjust confirmation of receipt, T17 Check report Y to stop indication, T10 Determine necessity to stop indication};{T11 Create document X request unlicensed, T06 Determine necessity of stop advice, T04 Determine confirmation of receipt, Confirmation of receipt, T02 Check confirmation of receipt, T07-1 Draft intern advice aspect 1, T12 Check document X request unlicensed, T16 Report reasons to hold request, T19 Determine report Y to stop indication, T05 Print and send confirmation of receipt, T20 Print report Y to stop indication, T03 Adjust confirmation of receipt, T17 Check report Y to stop indication, T10 Determine necessity to stop indication, T15 Print document X request unlicensed};*
T07-1 Draft intern advice aspect 1;{T07-1 Draft intern advice aspect 1_dummy};{T07-1 Draft intern advice aspect 1_dummy};{Confirmation of receipt, T07-1 Draft intern advice aspect 1};{T06 Determine necessity of stop advice, T04 Determine confirmation of receipt, T10 Determine necessity to stop indication, T02 Check confirmation of receipt, Confirmation of receipt, T07-1 Draft intern advice aspect 1, T05 Print and send confirmation of receipt};{T06 Determine necessity of stop advice, T04 Determine confirmation of receipt, Confirmation of receipt, T02 Check confirmation of receipt, T07-1 Draft intern advice aspect 1, T05 Print and send confirmation of receipt, T20 Print report Y to stop indication, T03 Adjust confirmation of receipt, T10 Determine necessity to stop indication};{T11 Create document X request unlicensed, T06 Determine necessity of stop advice, T04 Determine confirmation of receipt, Confirmation of receipt, T02 Check confirmation of receipt, T07-1 Draft intern advice aspect 1, T16 Report reasons to hold request, T05 Print and send confirmation of receipt, T20 Print report Y to stop indication, T03 Adjust confirmation of receipt, T10 Determine necessity to stop indication};{T11 Create document X request unlicensed, T06 Determine necessity of stop advice, T04 Determine confirmation of receipt, Confirmation of receipt, T02 Check confirmation of receipt, T07-1 Draft intern advice aspect 1, T16 Report reasons to hold request, T19 Determine report Y to stop indication, T05 Print and send confirmation of receipt, T20 Print report Y to stop indication, T03 Adjust confirmation of receipt, T10 Determine necessity to stop indication};{T11 Create document X request unlicensed, T06 Determine necessity of stop advice, T04 Determine confirmation of receipt, Confirmation of receipt, T02 Check confirmation of receipt, T07-1 Draft intern advice aspect 1, T16 Report reasons to hold request, T19 Determine report Y to stop indication, T05 Print and send confirmation of receipt, T20 Print report Y to stop indication, T03 Adjust confirmation of receipt, T17 Check report Y to stop indication, T10 Determine necessity to stop indication};{T11 Create document X request unlicensed, T06 Determine necessity of stop advice, T04 Determine confirmation of receipt, Confirmation of receipt, T02 Check confirmation of receipt, T07-1 Draft intern advice aspect 1, T12 Check document X request unlicensed, T16 Report reasons to hold request, T19 Determine report Y to stop indication, T05 Print and send confirmation of receipt, T20 Print report Y to stop indication, T03 Adjust confirmation of receipt, T17 Check report Y to stop indication, T10 Determine necessity to stop indication, T15 Print document X request unlicensed};*
T10 Determine necessity to stop indication;{T10 Determine necessity to stop indication_dummy};{T10 Determine necessity to stop indication, T06 Determine necessity of stop advice, T04 Determine confirmation of receipt};{T06 Determine necessity of stop advice, T04 Determine confirmation of receipt, T10 Determine necessity to stop indication, T02 Check confirmation of receipt, T05 Print and send confirmation of receipt};{T06 Determine necessity of stop advice, T04 Determine confirmation of receipt, T10 Determine necessity to stop indication, T02 Check confirmation of receipt, Confirmation of receipt, T07-1 Draft intern advice aspect 1, T05 Print and send confirmation of receipt};{T06 Determine necessity of stop advice, T04 Determine confirmation of receipt, Confirmation of receipt, T02 Check confirmation of receipt, T07-1 Draft intern advice aspect 1, T05 Print and send confirmation of receipt, T20 Print report Y to stop indication, T03 Adjust confirmation of receipt, T10 Determine necessity to stop indication};{T11 Create document X request unlicensed, T06 Determine necessity of stop advice, T04 Determine confirmation of receipt, Confirmation of receipt, T02 Check confirmation of receipt, T07-1 Draft intern advice aspect 1, T16 Report reasons to hold request, T05 Print and send confirmation of receipt, T20 Print report Y to stop indication, T03 Adjust confirmation of receipt, T10 Determine necessity to stop indication};{T11 Create document X request unlicensed, T06 Determine necessity of stop advice, T04 Determine confirmation of receipt, Confirmation of receipt, T02 Check confirmation of receipt, T07-1 Draft intern advice aspect 1, T16 Report reasons to hold request, T19 Determine report Y to stop indication, T05 Print and send confirmation of receipt, T20 Print report Y to stop indication, T03 Adjust confirmation of receipt, T10 Determine necessity to stop indication};{T11 Create document X request unlicensed, T06 Determine necessity of stop advice, T04 Determine confirmation of receipt, Confirmation of receipt, T02 Check confirmation of receipt, T07-1 Draft intern advice aspect 1, T16 Report reasons to hold request, T19 Determine report Y to stop indication, T05 Print and send confirmation of receipt, T20 Print report Y to stop indication, T03 Adjust confirmation of receipt, T17 Check report Y to stop indication, T10 Determine necessity to stop indication};{T11 Create document X request unlicensed, T06 Determine necessity of stop advice, T04 Determine confirmation of receipt, Confirmation of receipt, T02 Check confirmation of receipt, T07-1 Draft intern advice aspect 1, T12 Check document X request unlicensed, T16 Report reasons to hold request, T19 Determine report Y to stop indication, T05 Print and send confirmation of receipt, T20 Print report Y to stop indication, T03 Adjust confirmation of receipt, T17 Check report Y to stop indication, T10 Determine necessity to stop indication, T15 Print document X request unlicensed};*
T11 Create document X request unlicensed;{T11 Create document X request unlicensed_dummy};{T11 Create document X request unlicensed_dummy};{T11 Create document X request unlicensed_dummy};{T11 Create document X request unlicensed_dummy};{T11 Create document X request unlicensed, T16 Report reasons to hold request};{T11 Create document X request unlicensed, T06 Determine necessity of stop advice, T04 Determine confirmation of receipt, Confirmation of receipt, T02 Check confirmation of receipt, T07-1 Draft intern advice aspect 1, T16 Report reasons to hold request, T05 Print and send confirmation of receipt, T20 Print report Y to stop indication, T03 Adjust confirmation of receipt, T10 Determine necessity to stop indication};{T11 Create document X request unlicensed, T06 Determine necessity of stop advice, T04 Determine confirmation of receipt, Confirmation of receipt, T02 Check confirmation of receipt, T07-1 Draft intern advice aspect 1, T16 Report reasons to hold request, T19 Determine report Y to stop indication, T05 Print and send confirmation of receipt, T20 Print report Y to stop indication, T03 Adjust confirmation of receipt, T10 Determine necessity to stop indication};{T11 Create document X request unlicensed, T06 Determine necessity of stop advice, T04 Determine confirmation of receipt, Confirmation of receipt, T02 Check confirmation of receipt, T07-1 Draft intern advice aspect 1, T16 Report reasons to hold request, T19 Determine report Y to stop indication, T05 Print and send confirmation of receipt, T20 Print report Y to stop indication, T03 Adjust confirmation of receipt, T17 Check report Y to stop indication, T10 Determine necessity to stop indication};{T11 Create document X request unlicensed, T06 Determine necessity of stop advice, T04 Determine confirmation of receipt, Confirmation of receipt, T02 Check confirmation of receipt, T07-1 Draft intern advice aspect 1, T12 Check document X request unlicensed, T16 Report reasons to hold request, T19 Determine report Y to stop indication, T05 Print and send confirmation of receipt, T20 Print report Y to stop indication, T03 Adjust confirmation of receipt, T17 Check report Y to stop indication, T10 Determine necessity to stop indication, T15 Print document X request unlicensed};*
T12 Check document X request unlicensed;{T12 Check document X request unlicensed_dummy};{T12 Check document X request unlicensed_dummy};{T12 Check document X request unlicensed_dummy};{T12 Check document X request unlicensed_dummy};{T12 Check document X request unlicensed_dummy};{T12 Check document X request unlicensed_dummy};{T12 Check document X request unlicensed_dummy};{T12 Check document X request unlicensed, T15 Print document X request unlicensed};{T11 Create document X request unlicensed, T06 Determine necessity of stop advice, T04 Determine confirmation of receipt, Confirmation of receipt, T02 Check confirmation of receipt, T07-1 Draft intern advice aspect 1, T12 Check document X request unlicensed, T16 Report reasons to hold request, T19 Determine report Y to stop indication, T05 Print and send confirmation of receipt, T20 Print report Y to stop indication, T03 Adjust confirmation of receipt, T17 Check report Y to stop indication, T10 Determine necessity to stop indication, T15 Print document X request unlicensed};*
T14 Determine document X request unlicensed;{T14 Determine document X request unlicensed_dummy};{T14 Determine document X request unlicensed_dummy};{T14 Determine document X request unlicensed_dummy};{T14 Determine document X request unlicensed_dummy};{T14 Determine document X request unlicensed_dummy};{T14 Determine document X request unlicensed_dummy};{T14 Determine document X request unlicensed_dummy};{T14 Determine document X request unlicensed_dummy};{T14 Determine document X request unlicensed_dummy};*
T15 Print document X request unlicensed;{T15 Print document X request unlicensed_dummy};{T15 Print document X request unlicensed_dummy};{T15 Print document X request unlicensed_dummy};{T15 Print document X request unlicensed_dummy};{T15 Print document X request unlicensed_dummy};{T15 Print document X request unlicensed_dummy};{T15 Print document X request unlicensed_dummy};{T12 Check document X request unlicensed, T15 Print document X request unlicensed};{T11 Create document X request unlicensed, T06 Determine necessity of stop advice, T04 Determine confirmation of receipt, Confirmation of receipt, T02 Check confirmation of receipt, T07-1 Draft intern advice aspect 1, T12 Check document X request unlicensed, T16 Report reasons to hold request, T19 Determine report Y to stop indication, T05 Print and send confirmation of receipt, T20 Print report Y to stop indication, T03 Adjust confirmation of receipt, T17 Check report Y to stop indication, T10 Determine necessity to stop indication, T15 Print document X request unlicensed};*
T16 Report reasons to hold request;{T16 Report reasons to hold request_dummy};{T16 Report reasons to hold request_dummy};{T16 Report reasons to hold request_dummy};{T16 Report reasons to hold request_dummy};{T11 Create document X request unlicensed, T16 Report reasons to hold request};{T11 Create document X request unlicensed, T06 Determine necessity of stop advice, T04 Determine confirmation of receipt, Confirmation of receipt, T02 Check confirmation of receipt, T07-1 Draft intern advice aspect 1, T16 Report reasons to hold request, T05 Print and send confirmation of receipt, T20 Print report Y to stop indication, T03 Adjust confirmation of receipt, T10 Determine necessity to stop indication};{T11 Create document X request unlicensed, T06 Determine necessity of stop advice, T04 Determine confirmation of receipt, Confirmation of receipt, T02 Check confirmation of receipt, T07-1 Draft intern advice aspect 1, T16 Report reasons to hold request, T19 Determine report Y to stop indication, T05 Print and send confirmation of receipt, T20 Print report Y to stop indication, T03 Adjust confirmation of receipt, T10 Determine necessity to stop indication};{T11 Create document X request unlicensed, T06 Determine necessity of stop advice, T04 Determine confirmation of receipt, Confirmation of receipt, T02 Check confirmation of receipt, T07-1 Draft intern advice aspect 1, T16 Report reasons to hold request, T19 Determine report Y to stop indication, T05 Print and send confirmation of receipt, T20 Print report Y to stop indication, T03 Adjust confirmation of receipt, T17 Check report Y to stop indication, T10 Determine necessity to stop indication};{T11 Create document X request unlicensed, T06 Determine necessity of stop advice, T04 Determine confirmation of receipt, Confirmation of receipt, T02 Check confirmation of receipt, T07-1 Draft intern advice aspect 1, T12 Check document X request unlicensed, T16 Report reasons to hold request, T19 Determine report Y to stop indication, T05 Print and send confirmation of receipt, T20 Print report Y to stop indication, T03 Adjust confirmation of receipt, T17 Check report Y to stop indication, T10 Determine necessity to stop indication, T15 Print document X request unlicensed};*
T17 Check report Y to stop indication;{T17 Check report Y to stop indication_dummy};{T17 Check report Y to stop indication_dummy};{T17 Check report Y to stop indication_dummy};{T17 Check report Y to stop indication_dummy};{T17 Check report Y to stop indication_dummy};{T17 Check report Y to stop indication_dummy};{T17 Check report Y to stop indication_dummy};{T11 Create document X request unlicensed, T06 Determine necessity of stop advice, T04 Determine confirmation of receipt, Confirmation of receipt, T02 Check confirmation of receipt, T07-1 Draft intern advice aspect 1, T16 Report reasons to hold request, T19 Determine report Y to stop indication, T05 Print and send confirmation of receipt, T20 Print report Y to stop indication, T03 Adjust confirmation of receipt, T17 Check report Y to stop indication, T10 Determine necessity to stop indication};{T11 Create document X request unlicensed, T06 Determine necessity of stop advice, T04 Determine confirmation of receipt, Confirmation of receipt, T02 Check confirmation of receipt, T07-1 Draft intern advice aspect 1, T12 Check document X request unlicensed, T16 Report reasons to hold request, T19 Determine report Y to stop indication, T05 Print and send confirmation of receipt, T20 Print report Y to stop indication, T03 Adjust confirmation of receipt, T17 Check report Y to stop indication, T10 Determine necessity to stop indication, T15 Print document X request unlicensed};*
T19 Determine report Y to stop indication;{T19 Determine report Y to stop indication_dummy};{T19 Determine report Y to stop indication_dummy};{T19 Determine report Y to stop indication_dummy};{T19 Determine report Y to stop indication_dummy};{T19 Determine report Y to stop indication_dummy};{T19 Determine report Y to stop indication_dummy};{T11 Create document X request unlicensed, T06 Determine necessity of stop advice, T04 Determine confirmation of receipt, Confirmation of receipt, T02 Check confirmation of receipt, T07-1 Draft intern advice aspect 1, T16 Report reasons to hold request, T19 Determine report Y to stop indication, T05 Print and send confirmation of receipt, T20 Print report Y to stop indication, T03 Adjust confirmation of receipt, T10 Determine necessity to stop indication};{T11 Create document X request unlicensed, T06 Determine necessity of stop advice, T04 Determine confirmation of receipt, Confirmation of receipt, T02 Check confirmation of receipt, T07-1 Draft intern advice aspect 1, T16 Report reasons to hold request, T19 Determine report Y to stop indication, T05 Print and send confirmation of receipt, T20 Print report Y to stop indication, T03 Adjust confirmation of receipt, T17 Check report Y to stop indication, T10 Determine necessity to stop indication};{T11 Create document X request unlicensed, T06 Determine necessity of stop advice, T04 Determine confirmation of receipt, Confirmation of receipt, T02 Check confirmation of receipt, T07-1 Draft intern advice aspect 1, T12 Check document X request unlicensed, T16 Report reasons to hold request, T19 Determine report Y to stop indication, T05 Print and send confirmation of receipt, T20 Print report Y to stop indication, T03 Adjust confirmation of receipt, T17 Check report Y to stop indication, T10 Determine necessity to stop indication, T15 Print document X request unlicensed};*
T20 Print report Y to stop indication;{T20 Print report Y to stop indication_dummy};{T20 Print report Y to stop indication_dummy};{T20 Print report Y to stop indication_dummy};{T20 Print report Y to stop indication, T03 Adjust confirmation of receipt};{T06 Determine necessity of stop advice, T04 Determine confirmation of receipt, Confirmation of receipt, T02 Check confirmation of receipt, T07-1 Draft intern advice aspect 1, T05 Print and send confirmation of receipt, T20 Print report Y to stop indication, T03 Adjust confirmation of receipt, T10 Determine necessity to stop indication};{T11 Create document X request unlicensed, T06 Determine necessity of stop advice, T04 Determine confirmation of receipt, Confirmation of receipt, T02 Check confirmation of receipt, T07-1 Draft intern advice aspect 1, T16 Report reasons to hold request, T05 Print and send confirmation of receipt, T20 Print report Y to stop indication, T03 Adjust confirmation of receipt, T10 Determine necessity to stop indication};{T11 Create document X request unlicensed, T06 Determine necessity of stop advice, T04 Determine confirmation of receipt, Confirmation of receipt, T02 Check confirmation of receipt, T07-1 Draft intern advice aspect 1, T16 Report reasons to hold request, T19 Determine report Y to stop indication, T05 Print and send confirmation of receipt, T20 Print report Y to stop indication, T03 Adjust confirmation of receipt, T10 Determine necessity to stop indication};{T11 Create document X request unlicensed, T06 Determine necessity of stop advice, T04 Determine confirmation of receipt, Confirmation of receipt, T02 Check confirmation of receipt, T07-1 Draft intern advice aspect 1, T16 Report reasons to hold request, T19 Determine report Y to stop indication, T05 Print and send confirmation of receipt, T20 Print report Y to stop indication, T03 Adjust confirmation of receipt, T17 Check report Y to stop indication, T10 Determine necessity to stop indication};{T11 Create document X request unlicensed, T06 Determine necessity of stop advice, T04 Determine confirmation of receipt, Confirmation of receipt, T02 Check confirmation of receipt, T07-1 Draft intern advice aspect 1, T12 Check document X request unlicensed, T16 Report reasons to hold request, T19 Determine report Y to stop indication, T05 Print and send confirmation of receipt, T20 Print report Y to stop indication, T03 Adjust confirmation of receipt, T17 Check report Y to stop indication, T10 Determine necessity to stop indication, T15 Print document X request unlicensed};*
-;-;-;-;-;-;-;-;-;-;-